FID,codigo,empreendimento,subeixo,tipo,orgao_responsavel,executor,unidade_federativa,municipio,investimento_previsto,observacao,estagio,data_de_referencia,geometria,count
aeroporto.fid-4d3f006b_16f9893e4c8_-549e,97053,Aeroporto de Maragogi/AL - Construção do Complexo Aeroportuário,Transportes,Aeroporto,Ministério dos Transportes- Portos e Aviação Civil,Estado,AL,MARAGOGI/AL,--,Valor não divulgado em razão da possibilidade de uso do Regime Diferenciado de Contratação - RDC.,Ação preparatória,30 de Junho de 2018,MULTIPOINT ((-35.222 -9.012)),0
aeroporto.fid-4d3f006b_16f9893e4c8_-549d,97054,Aeroporto de Arapiraca/AL - Elaboração do Projeto de Novo Complexo Aeroportuário,Transportes,Aeroporto,Ministério dos Transportes- Portos e Aviação Civil,Estado,AL,ARAPIRACA/AL,--,Valor não divulgado em razão da possibilidade de uso do Regime Diferenciado de Contratação - RDC.,Ação preparatória,30 de Junho de 2018,MULTIPOINT ((-36.661 -9.752)),0
aeroporto.fid-4d3f006b_16f9893e4c8_-549c,97055,Aeroporto de Barreirinhas/MA - Execução de Obras Complementares,Transportes,Aeroporto,Ministério dos Transportes- Portos e Aviação Civil,Estado,MA,BARREIRINHAS/MA,--,Valor não divulgado em razão da possibilidade de uso do Regime Diferenciado de Contratação - RDC.,Ação preparatória,30 de Junho de 2018,MULTIPOINT ((-42.826 -2.747)),0
aeroporto.fid-4d3f006b_16f9893e4c8_-549b,97056,Aeroporto de Barretos/SP - Reforma do Complexo Aeroportuário,Transportes,Aeroporto,Ministério dos Transportes- Portos e Aviação Civil,Estado,SP,BARRETOS/SP,--,Valor não divulgado em razão da possibilidade de uso do Regime Diferenciado de Contratação - RDC.,Ação preparatória,30 de Junho de 2018,MULTIPOINT ((-48.568 -20.557)),0
aeroporto.fid-4d3f006b_16f9893e4c8_-549a,97057,Aeroporto de Carauari/AM - Recuperação de pavimentos e obras complementares,Transportes,Aeroporto,Ministério dos Transportes- Portos e Aviação Civil,Aeronáutica,AM,CARAUARI/AM,--,Valor não divulgado em razão da possibilidade de uso do Regime Diferenciado de Contratação - RDC.,Ação preparatória,30 de Junho de 2018,MULTIPOINT ((-66.896 -4.883)),0
aeroporto.fid-4d3f006b_16f9893e4c8_-5499,97058,Aeroporto de Cascavel/PR - Construção de novo Pátio e obras complementares,Transportes,Aeroporto,Ministério dos Transportes- Portos e Aviação Civil,Município,PR,CASCAVEL/PR,--,Valor não divulgado em razão da possibilidade de uso do Regime Diferenciado de Contratação - RDC.,Ação preparatória,30 de Junho de 2018,MULTIPOINT ((-53.455 -24.956)),0
aeroporto.fid-4d3f006b_16f9893e4c8_-5498,97059,Aeroporto de Fernando de Noronha /PE - Aquisição de Equipamentos de navegação,Transportes,Aeroporto,Ministério dos Transportes- Portos e Aviação Civil,Estado,PE,FERNANDO DE NORONHA/PE,--,Valor não divulgado em razão da possibilidade de uso do Regime Diferenciado de Contratação - RDC.,Ação preparatória,30 de Junho de 2018,MULTIPOINT ((-32.411 -3.84)),0
aeroporto.fid-4d3f006b_16f9893e4c8_-5497,97060,Aeroporto de Joaçaba/SC - Reforma do Complexo Aeroportuário,Transportes,Aeroporto,Ministério dos Transportes- Portos e Aviação Civil,Estado,SC,JOAÇABA/SC,--,Valor não divulgado em razão da possibilidade de uso do Regime Diferenciado de Contratação - RDC.,Ação preparatória,30 de Junho de 2018,MULTIPOINT ((-51.505 -27.178)),0
aeroporto.fid-4d3f006b_16f9893e4c8_-5496,97061,Aeroporto de Santa Maria/RS - Reforma e Ampliação Terminal de Passageiros,Transportes,Aeroporto,Ministério dos Transportes- Portos e Aviação Civil,Aeronáutica,RS,SANTA MARIA/RS,--,Valor não divulgado em razão da possibilidade de uso do Regime Diferenciado de Contratação - RDC.,Ação preparatória,30 de Junho de 2018,MULTIPOINT ((-53.807 -29.684)),0
aeroporto.fid-4d3f006b_16f9893e4c8_-5495,97062,Aeroporto de Santa Rosa/RS - Elaboração de Projetos do Sistema de pistas,Transportes,Aeroporto,Ministério dos Transportes- Portos e Aviação Civil,Estado,RS,SANTA ROSA/RS,--,Valor não divulgado em razão da possibilidade de uso do Regime Diferenciado de Contratação - RDC.,Ação preparatória,30 de Junho de 2018,MULTIPOINT ((-54.481 -27.871)),0
aeroporto.fid-4d3f006b_16f9893e4c8_-5494,97063,Aeroporto de São Borja/RS - Recuperação dos pavimentos do Sistema de pistas,Transportes,Aeroporto,Ministério dos Transportes- Portos e Aviação Civil,Estado,RS,SÃO BORJA/RS,--,Valor não divulgado em razão da possibilidade de uso do Regime Diferenciado de Contratação - RDC.,Ação preparatória,30 de Junho de 2018,MULTIPOINT ((-56.004 -28.661)),0
aeroporto.fid-4d3f006b_16f9893e4c8_-5493,1337,Aeroporto Porto Alegre - Ampliação da Pista de Pouso e Decolagem,Transportes,Aeroporto,Ministério dos Transportes- Portos e Aviação Civil,Infraero,RS,PORTO ALEGRE/RS,--,Valor não divulgado em razão da possibilidade de uso do Regime Diferenciado de Contratação - RDC.,Ação preparatória,30 de Junho de 2018,MULTIPOINT ((-51.1711111111111 -29.9938888888889)),0
aeroporto.fid-4d3f006b_16f9893e4c8_-5492,1441,Aeroporto Cuiabá - Reforma e Ampliação do Terminal de Passageiros- Adequação do Sistema Viário e Construção de Estacionamento,Transportes,Aeroporto,Ministério dos Transportes- Portos e Aviação Civil,Infraero,MT,CUIABÁ/MT,--,,Em obras,30 de Junho de 2018,MULTIPOINT ((-56.11941388888889 -15.65030833333333)),0
aeroporto.fid-4d3f006b_16f9893e4c8_-5491,1460,Aeroporto Porto Alegre - Novo Terminal de Cargas,Transportes,Aeroporto,Ministério dos Transportes- Portos e Aviação Civil,Infraero,RS,PORTO ALEGRE/RS,--,,Em obras,30 de Junho de 2018,MULTIPOINT ((-51.18180188932326 -29.99081962410535)),0
aeroporto.fid-4d3f006b_16f9893e4c8_-5490,1461,Aeroporto de Vitória - Novo Terminal de Cargas do SBVT,Transportes,Aeroporto,Ministério dos Transportes- Portos e Aviação Civil,Infraero,ES,VITÓRIA/ES,--,Valor não divulgado em razão da possibilidade de uso do Regime Diferenciado de Contratação - RDC.,Ação preparatória,30 de Junho de 2018,MULTIPOINT ((-40.2868 -20.2604)),0
aeroporto.fid-4d3f006b_16f9893e4c8_-548f,1462,Aeroporto de Macapá - Novo TPS e obras complementares,Transportes,Aeroporto,Ministério dos Transportes- Portos e Aviação Civil,Infraero,AP,MACAPÁ/AP,--,,Em obras,30 de Junho de 2018,MULTIPOINT ((-51.0702777777778 0.050833333333333)),0
aeroporto.fid-4d3f006b_16f9893e4c8_-548e,1463,Aeroporto Goiânia - Novo Terminal de Passageiros- Pátio de Aeronaves- Pistas de Taxi- Estacionamento de Veículos e Sistema Viário,Transportes,Aeroporto,Ministério dos Transportes- Portos e Aviação Civil,Infraero,GO,GOIÂNIA/GO,--,,Concluído,30 de Junho de 2018,MULTIPOINT ((-49.2137888888889 -16.62993611111111)),0
aeroporto.fid-4d3f006b_16f9893e4c8_-548d,1464,Aeroporto Florianópolis - Novo Terminal de Passageiros,Transportes,Aeroporto,Ministério dos Transportes- Portos e Aviação Civil,Infraero,SC,FLORIANÓPOLIS/SC,--,,Em obras,30 de Junho de 2018,MULTIPOINT ((-48.5522222222222 -27.6702777777778)),0
aeroporto.fid-4d3f006b_16f9893e4c8_-548c,1465,Aeroporto de Vitória - Novo Complexo Aeroportuário do SBVT,Transportes,Aeroporto,Ministério dos Transportes- Portos e Aviação Civil,Infraero,ES,VITÓRIA/ES,--,,Concluído,30 de Junho de 2018,MULTIPOINT ((-40.28684267672301 -20.26035853009049)),0
aeroporto.fid-4d3f006b_16f9893e4c8_-548b,15390,Aeroporto Galeão - Reforma do TPS 2 (Sistema de Transporte de Bagagens),Transportes,Aeroporto,Ministério dos Transportes- Portos e Aviação Civil,Infraero,RJ,RIO DE JANEIRO/RJ,--,,Concluído,30 de Junho de 2018,MULTIPOINT ((-43.251 -22.8107)),0
aeroporto.fid-4d3f006b_16f9893e4c8_-548a,31602,Aeroporto Florianópolis - Infraestrutura para Novo Complexo Aeroportuário,Transportes,Aeroporto,Ministério dos Transportes- Portos e Aviação Civil,Infraero,SC,FLORIANÓPOLIS/SC,--,,Em obras,30 de Junho de 2018,MULTIPOINT ((-48.55222222222221 -27.6702777777778)),0
aeroporto.fid-4d3f006b_16f9893e4c8_-5489,44710,Aeroporto de Porto Alegre - Ampliação do Sistema de Pátios e Pistas de Táxi,Transportes,Aeroporto,Ministério dos Transportes- Portos e Aviação Civil,Infraero,RS,PORTO ALEGRE/RS,--,,Concluído,30 de Junho de 2018,MULTIPOINT ((-51.18180188932326 -29.99081962410535)),0
aeroporto.fid-4d3f006b_16f9893e4c8_-5488,46848,Aeroporto São Luís - Ampliação do Terminal de Passageiros,Transportes,Aeroporto,Ministério dos Transportes- Portos e Aviação Civil,Infraero,MA,SÃO LUÍS/MA,--,,Concluído,30 de Junho de 2018,MULTIPOINT ((-44.23639480944128 -2.583774625406683)),0
aeroporto.fid-4d3f006b_16f9893e4c8_-5487,48012,Aeroporto São Luís - Reforma do Terminal de Passageiros,Transportes,Aeroporto,Ministério dos Transportes- Portos e Aviação Civil,Infraero,MA,SÃO LUÍS/MA,--,,Concluído,30 de Junho de 2018,MULTIPOINT ((-44.23639480944128 -2.583774625406683)),0
aeroporto.fid-4d3f006b_16f9893e4c8_-5486,48019,Aeroporto de Santarém - REFORMA COM AMPLIAÇÃO DA ESTRUTURA FÍSICA DO ATUAL TERMINAL DE PASSAGEIROS E DO ESTACIONAMENTO,Transportes,Aeroporto,Ministério dos Transportes- Portos e Aviação Civil,Infraero,PA,SANTARÉM/PA,--,,Concluído,30 de Junho de 2018,MULTIPOINT ((-54.708 -2.443)),0
aeroporto.fid-4d3f006b_16f9893e4c8_-5485,48019,Aeroporto de Santarém - REFORMA COM AMPLIAÇÃO DA ESTRUTURA FÍSICA DO ATUAL TERMINAL DE PASSAGEIROS E DO ESTACIONAMENTO,Transportes,Aeroporto,Ministério dos Transportes- Portos e Aviação Civil,Infraero,PA,SANTARÉM/PA,--,,Concluído,30 de Junho de 2018,MULTIPOINT ((-54.708 -2.443)),0
aeroporto.fid-4d3f006b_16f9893e4c8_-5484,48022,Aeroporto de Marabá - REFORMA COM AMPLIAÇÃO DO TPS EXISTENTE,Transportes,Aeroporto,Ministério dos Transportes- Portos e Aviação Civil,Infraero,PA,MARABÁ/PA,--,,Em obras,30 de Junho de 2018,MULTIPOINT ((-49.118 -5.369)),0
aeroporto.fid-4d3f006b_16f9893e4c8_-5483,48022,Aeroporto de Marabá - REFORMA COM AMPLIAÇÃO DO TPS EXISTENTE,Transportes,Aeroporto,Ministério dos Transportes- Portos e Aviação Civil,Infraero,PA,MARABÁ/PA,--,,Em obras,30 de Junho de 2018,MULTIPOINT ((-49.118 -5.369)),0
aeroporto.fid-4d3f006b_16f9893e4c8_-5482,48024,Aeroporto de Tabatinga - REFORMA E AMPLIAÇÃO DO TPS,Transportes,Aeroporto,Ministério dos Transportes- Portos e Aviação Civil,Infraero,AM,TABATINGA/AM,--,,Concluído,30 de Junho de 2018,MULTIPOINT ((-69.938 -4.253)),0
aeroporto.fid-4d3f006b_16f9893e4c8_-5481,48024,Aeroporto de Tabatinga - REFORMA E AMPLIAÇÃO DO TPS,Transportes,Aeroporto,Ministério dos Transportes- Portos e Aviação Civil,Infraero,AM,TABATINGA/AM,--,,Concluído,30 de Junho de 2018,MULTIPOINT ((-69.938 -4.253)),0
aeroporto.fid-4d3f006b_16f9893e4c8_-5480,48025,Aeroporto de Tefé - REFORMA E AMPLIAÇÃO DO TPS,Transportes,Aeroporto,Ministério dos Transportes- Portos e Aviação Civil,Infraero,AM,TEFÉ/AM,--,,Concluído,30 de Junho de 2018,MULTIPOINT ((-64.711 -3.354)),0
aeroporto.fid-4d3f006b_16f9893e4c8_-547f,48025,Aeroporto de Tefé - REFORMA E AMPLIAÇÃO DO TPS,Transportes,Aeroporto,Ministério dos Transportes- Portos e Aviação Civil,Infraero,AM,TEFÉ/AM,--,,Concluído,30 de Junho de 2018,MULTIPOINT ((-64.711 -3.354)),0
aeroporto.fid-4d3f006b_16f9893e4c8_-547e,48026,Aeroporto de Ilhéus - PROJETO DE INFRAESTRUTURA E IMPLANTAÇÃO DO MOP,Transportes,Aeroporto,Ministério dos Transportes- Portos e Aviação Civil,Infraero,BA,ILHÉUS/BA,--,,Em obras,30 de Junho de 2018,MULTIPOINT ((-39.049 -14.789)),0
aeroporto.fid-4d3f006b_16f9893e4c8_-547d,48026,Aeroporto de Ilhéus - PROJETO DE INFRAESTRUTURA E IMPLANTAÇÃO DO MOP,Transportes,Aeroporto,Ministério dos Transportes- Portos e Aviação Civil,Infraero,BA,ILHÉUS/BA,--,,Em obras,30 de Junho de 2018,MULTIPOINT ((-39.049 -14.789)),0
aeroporto.fid-4d3f006b_16f9893e4c8_-547c,48033,Aeroporto de São José dos Campos - PROJETOS BÁSICOS E EXECUTIVOS PARA RESTAURAÇÃO DO PAVIMENTO FLEXÍVEL DAS TAXISWAYS E EXECUÇÃO DAS OBRAS,Transportes,Aeroporto,Ministério dos Transportes- Portos e Aviação Civil,Infraero,SP,SÃO JOSÉ DOS CAMPOS/SP,--,Valor não divulgado em razão da possibilidade de uso do Regime Diferenciado de Contratação - RDC.,Ação preparatória,30 de Junho de 2018,MULTIPOINT ((-45.887 -23.179)),0
aeroporto.fid-4d3f006b_16f9893e4c8_-547b,48033,Aeroporto de São José dos Campos - PROJETOS BÁSICOS E EXECUTIVOS PARA RESTAURAÇÃO DO PAVIMENTO FLEXÍVEL DAS TAXISWAYS E EXECUÇÃO DAS OBRAS,Transportes,Aeroporto,Ministério dos Transportes- Portos e Aviação Civil,Infraero,SP,SÃO JOSÉ DOS CAMPOS/SP,--,Valor não divulgado em razão da possibilidade de uso do Regime Diferenciado de Contratação - RDC.,Ação preparatória,30 de Junho de 2018,MULTIPOINT ((-45.887 -23.179)),0
aeroporto.fid-4d3f006b_16f9893e4c8_-547a,48036,Aeroporto de Londrina - IMPLANTAÇÃO DO MÓDULO OPERACIONAL - MOP NO PROCESSAMENTO DE EMBARQUE,Transportes,Aeroporto,Ministério dos Transportes- Portos e Aviação Civil,Infraero,PR,LONDRINA/PR,--,,Concluído,30 de Junho de 2018,MULTIPOINT ((-51.163 -23.31)),0
aeroporto.fid-4d3f006b_16f9893e4c8_-5479,48036,Aeroporto de Londrina - IMPLANTAÇÃO DO MÓDULO OPERACIONAL - MOP NO PROCESSAMENTO DE EMBARQUE,Transportes,Aeroporto,Ministério dos Transportes- Portos e Aviação Civil,Infraero,PR,LONDRINA/PR,--,,Concluído,30 de Junho de 2018,MULTIPOINT ((-51.163 -23.31)),0
aeroporto.fid-4d3f006b_16f9893e4c8_-5478,48038,Aeroporto de Macaé - OBRA DO NOVO TERMINAL DE PASSAGEIROS- EDIFÍCIO ADMINISTRATIVO-OPERACIONAL - SUBESTAÇÃO PRINCIPAL- SISTEMA VIÁRIO- ESTACIONAMENTO,Transportes,Aeroporto,Ministério dos Transportes- Portos e Aviação Civil,Infraero,RJ,MACAÉ/RJ,--,,Concluído,30 de Junho de 2018,MULTIPOINT ((-41.787 -22.371)),0
aeroporto.fid-4d3f006b_16f9893e4c8_-5477,48038,Aeroporto de Macaé - OBRA DO NOVO TERMINAL DE PASSAGEIROS- EDIFÍCIO ADMINISTRATIVO-OPERACIONAL - SUBESTAÇÃO PRINCIPAL- SISTEMA VIÁRIO- ESTACIONAMENTO,Transportes,Aeroporto,Ministério dos Transportes- Portos e Aviação Civil,Infraero,RJ,MACAÉ/RJ,--,,Concluído,30 de Junho de 2018,MULTIPOINT ((-41.787 -22.371)),0
aeroporto.fid-4d3f006b_16f9893e4c8_-5476,48040,Aeroporto Fernando de Noronha - Reforma pista e pátio- obras complementares,Transportes,Aeroporto,Ministério dos Transportes- Portos e Aviação Civil,Estado,PE,FERNANDO DE NORONHA/PE,--,,Concluído,30 de Junho de 2018,MULTIPOINT ((-32.411 -3.84)),0
aeroporto.fid-4d3f006b_16f9893e4c8_-5475,48040,Aeroporto Fernando de Noronha - Reforma pista e pátio- obras complementares,Transportes,Aeroporto,Ministério dos Transportes- Portos e Aviação Civil,Estado,PE,FERNANDO DE NORONHA/PE,--,,Concluído,30 de Junho de 2018,MULTIPOINT ((-32.411 -3.84)),0
aeroporto.fid-4d3f006b_16f9893e4c8_-5474,48042,Aeroporto Linhares - Construção de pista- táxi- pátio e obras complementares,Transportes,Aeroporto,Ministério dos Transportes- Portos e Aviação Civil,Estado,ES,LINHARES/ES,--,,Em obras,30 de Junho de 2018,MULTIPOINT ((-40.072 -19.391)),0
aeroporto.fid-4d3f006b_16f9893e4c8_-5473,48042,Aeroporto Linhares - Construção de pista- táxi- pátio e obras complementares,Transportes,Aeroporto,Ministério dos Transportes- Portos e Aviação Civil,Estado,ES,LINHARES/ES,--,,Em obras,30 de Junho de 2018,MULTIPOINT ((-40.072 -19.391)),0
aeroporto.fid-4d3f006b_16f9893e4c8_-5472,48049,Aeroporto de Cascavel - Construção do Terminal de Passageiros,Transportes,Aeroporto,Ministério dos Transportes- Portos e Aviação Civil,Estado,PR,CASCAVEL/PR,--,,Em obras,30 de Junho de 2018,MULTIPOINT ((-53.455 -24.956)),0
aeroporto.fid-4d3f006b_16f9893e4c8_-5471,48049,Aeroporto de Cascavel - Construção do Terminal de Passageiros,Transportes,Aeroporto,Ministério dos Transportes- Portos e Aviação Civil,Estado,PR,CASCAVEL/PR,--,,Em obras,30 de Junho de 2018,MULTIPOINT ((-53.455 -24.956)),0
aeroporto.fid-4d3f006b_16f9893e4c8_-5470,48053,Aeroporto Santo Ângelo - Reforma da pista- táxi- pátio e obras complementares,Transportes,Aeroporto,Ministério dos Transportes- Portos e Aviação Civil,Estado,RS,SANTO ÂNGELO/RS,--,,Concluído,30 de Junho de 2018,MULTIPOINT ((-54.263 -28.299)),0
aeroporto.fid-4d3f006b_16f9893e4c8_-546f,48053,Aeroporto Santo Ângelo - Reforma da pista- táxi- pátio e obras complementares,Transportes,Aeroporto,Ministério dos Transportes- Portos e Aviação Civil,Estado,RS,SANTO ÂNGELO/RS,--,,Concluído,30 de Junho de 2018,MULTIPOINT ((-54.263 -28.299)),0
aeroporto.fid-4d3f006b_16f9893e4c8_-546e,48055,Aeroporto Correia Pinto - Implantação de sinalizações,Transportes,Aeroporto,Ministério dos Transportes- Portos e Aviação Civil,Estado,SC,CORREIA PINTO/SC- LAGES/SC,--,,Concluído,30 de Junho de 2018,MULTIPOINT ((-50.326 -27.816)),0
aeroporto.fid-4d3f006b_16f9893e4c8_-546d,48055,Aeroporto Correia Pinto - Implantação de sinalizações,Transportes,Aeroporto,Ministério dos Transportes- Portos e Aviação Civil,Estado,SC,CORREIA PINTO/SC- LAGES/SC,--,,Concluído,30 de Junho de 2018,MULTIPOINT ((-50.326 -27.816)),0
aeroporto.fid-4d3f006b_16f9893e4c8_-546c,48057,Aeroporto Vitória da Conquista - Construção de novo aeroporto,Transportes,Aeroporto,Ministério dos Transportes- Portos e Aviação Civil,Estado,BA,VITÓRIA DA CONQUISTA/BA,--,,Concluído,30 de Junho de 2018,MULTIPOINT ((-40.839 -14.866)),0
aeroporto.fid-4d3f006b_16f9893e4c8_-546b,48057,Aeroporto Vitória da Conquista - Construção de novo aeroporto,Transportes,Aeroporto,Ministério dos Transportes- Portos e Aviação Civil,Estado,BA,VITÓRIA DA CONQUISTA/BA,--,,Concluído,30 de Junho de 2018,MULTIPOINT ((-40.839 -14.866)),0
aeroporto.fid-4d3f006b_16f9893e4c8_-546a,65628,Aeroporto de Rio Branco - Reforma e Ampliação do Terminal do TPS do SBRB,Transportes,Aeroporto,Ministério dos Transportes- Portos e Aviação Civil,Infraero,AC,RIO BRANCO/AC,--,,Concluído,30 de Junho de 2018,MULTIPOINT ((-67.81 -9.975)),0
aeroporto.fid-4d3f006b_16f9893e4c8_-5469,77296,Aeroporto de Recife - Obra de reforma e recuperação da pista no trecho central de 1500 m,Transportes,Aeroporto,Ministério dos Transportes- Portos e Aviação Civil,Infraero,PE,RECIFE/PE,--,,Concluído,30 de Junho de 2018,MULTIPOINT ((-34.881 -8.054)),0
aeroporto.fid-4d3f006b_16f9893e4c8_-5468,77298,Aeroporto Santos Dumont - Obra de recuperação do pátio,Transportes,Aeroporto,Ministério dos Transportes- Portos e Aviação Civil,Infraero,RJ,RIO DE JANEIRO/RJ,--,,Concluído,30 de Junho de 2018,MULTIPOINT ((-43.208 -22.903)),0
aeroporto.fid-4d3f006b_16f9893e4c8_-5467,77300,Aeroporto de Aracajú - Ampliação e reforma da PPD,Transportes,Aeroporto,Ministério dos Transportes- Portos e Aviação Civil,Infraero,SE,ARACAJU/SE,--,,Em obras,30 de Junho de 2018,MULTIPOINT ((-37.072 -10.911)),0
aeroporto.fid-4d3f006b_16f9893e4c8_-5466,78197,Aeroporto de Rio Branco - Restauração de Pistas e Pátios,Transportes,Aeroporto,Ministério dos Transportes- Portos e Aviação Civil,Infraero,AC,RIO BRANCO/AC,--,,Concluído,30 de Junho de 2018,MULTIPOINT ((-67.81 -9.975)),0
aeroporto.fid-4d3f006b_16f9893e4c8_-5465,8098,Aeroporto Confins - Reforma- Modernização e Ampliação do Terminal de Passageiros- e Adequação do Sistema Viário,Transportes,Aeroporto,Ministério dos Transportes- Portos e Aviação Civil,Infraero,MG,CONFINS/MG,--,,Em obras,30 de Junho de 2018,MULTIPOINT ((-43.96320687713704 -19.63260769448438)),0
aeroporto.fid-4d3f006b_16f9893e4c8_-5464,8099,Aeroporto Confins - Reforma e Ampliação da Pista de Pouso e Sistema de Pátios,Transportes,Aeroporto,Ministério dos Transportes- Portos e Aviação Civil,Infraero,MG,CONFINS/MG,--,,Concluído,30 de Junho de 2018,MULTIPOINT ((-43.96455198826912 -19.63616959266207)),0
aeroporto.fid-4d3f006b_16f9893e4c8_-5463,8102,Aeroporto Curitiba - Ampliação do Terminal de Passageiros e Sistema Viário,Transportes,Aeroporto,Ministério dos Transportes- Portos e Aviação Civil,Infraero,PR,CURITIBA/PR,--,,Concluído,30 de Junho de 2018,MULTIPOINT ((-49.17313675604898 -25.53549230478349)),0
aeroporto.fid-4d3f006b_16f9893e4c8_-5462,8104,Aeroporto Fortaleza - Reforma e Ampliação do Terminal de Passageiros- Pátio de Aeronaves e Adequação do Sistema Viário,Transportes,Aeroporto,Ministério dos Transportes- Portos e Aviação Civil,Infraero,CE,FORTALEZA/CE,--,,Em obras,30 de Junho de 2018,MULTIPOINT ((-38.531086552842396 -3.775160042152447)),0
aeroporto.fid-4d3f006b_16f9893e4c8_-5461,8105,Aeroporto Manaus - Reforma- Modernização e Ampliação do Terminal de Passageiros e Adequação do Sistema Viário,Transportes,Aeroporto,Ministério dos Transportes- Portos e Aviação Civil,Infraero,AM,MANAUS/AM,--,,Concluído,30 de Junho de 2018,MULTIPOINT ((-60.04627089000128 -3.031542035414106)),0
aeroporto.fid-4d3f006b_16f9893e4c8_-5460,8106,Aeroporto Porto Alegre - Reforma e Ampliação do Terminal de Passageiros 1 (1ª Fase),Transportes,Aeroporto,Ministério dos Transportes- Portos e Aviação Civil,Infraero,RS,PORTO ALEGRE/RS,--,,Em obras,30 de Junho de 2018,MULTIPOINT ((-51.17710277777779 -29.99016944444444)),0
aeroporto.fid-4d3f006b_16f9893e4c8_-545f,8106,Aeroporto Porto Alegre - Reforma e Ampliação do Terminal de Passageiros 1 (1ª Fase),Transportes,Aeroporto,Ministério dos Transportes- Portos e Aviação Civil,Infraero,RS,PORTO ALEGRE/RS,--,,Em obras,30 de Junho de 2018,MULTIPOINT ((-51.1711111111111 -29.9938888888889)),0
aeroporto.fid-4d3f006b_16f9893e4c8_-545e,8107,Aeroporto Recife - Nova Torre de Controle,Transportes,Aeroporto,Ministério dos Transportes- Portos e Aviação Civil,Infraero,PE,RECIFE/PE,--,Valor não divulgado em razão da possibilidade de uso do Regime Diferenciado de Contratação - RDC.,Ação preparatória,30 de Junho de 2018,MULTIPOINT ((-34.92075 -8.128966666666667)),0
aeroporto.fid-4d3f006b_16f9893e4c8_-545d,8108,Aeroporto Galeão - Reforma do TPS 2,Transportes,Aeroporto,Ministério dos Transportes- Portos e Aviação Civil,Infraero,RJ,RIO DE JANEIRO/RJ,--,,Em obras,30 de Junho de 2018,MULTIPOINT ((-43.2457649823177 -22.81380715473856)),0
aeroporto.fid-4d3f006b_16f9893e4c8_-545c,8109,Aeroporto Galeão - Reforma do TPS 1,Transportes,Aeroporto,Ministério dos Transportes- Portos e Aviação Civil,Infraero,RJ,RIO DE JANEIRO/RJ,--,,Em obras,30 de Junho de 2018,MULTIPOINT ((-43.2510316565608 -22.81072267958026)),0
aeroporto.fid-4d3f006b_16f9893e4c8_-545b,8110,Aeroporto Salvador - Reforma e Adequação do Terminal de Passageiros,Transportes,Aeroporto,Ministério dos Transportes- Portos e Aviação Civil,Infraero,BA,SALVADOR/BA,--,,Em obras,30 de Junho de 2018,MULTIPOINT ((-38.33038087283939 -12.909259804084462)),0
aeroporto.fid-4d3f006b_16f9893e4c8_-545a,8737,Aeroporto Curitiba - Projeto de Construção da 3ª Pista de Pouso,Transportes,Aeroporto,Ministério dos Transportes- Portos e Aviação Civil,Infraero,PR,CURITIBA/PR,--,,Em execução,30 de Junho de 2018,MULTIPOINT ((-49.1739 -25.5317)),0
aeroporto.fid-4d3f006b_16f9893e4c8_-5459,90450,Aeroporto Internacional de Salvador - Recapeamento das pistas de Pouso e decolagem e Reforma na área de movimentação de Aeronaves,Transportes,Aeroporto,Ministério dos Transportes- Portos e Aviação Civil,Infraero,BA,SALVADOR/BA,--,,Concluído,30 de Junho de 2018,MULTIPOINT ((-38.511 -12.971)),0
aeroporto.fid-4d3f006b_16f9893e4c8_-5458,90451,Aeroporto de Manaus - Substituição de Pontes de Embarque do SBEG,Transportes,Aeroporto,Ministério dos Transportes- Portos e Aviação Civil,Infraero,AM,MANAUS/AM,--,,Concluído,30 de Junho de 2018,MULTIPOINT ((-60.025 -3.102)),0
aeroporto.fid-4d3f006b_16f9893e4c8_-5457,90447,Aeroporto de Aracati/CE - Implantação de Estação de Serviços de Telecomunicações de Tráfego Aéreo - EPTA,Transportes,Aeroporto,Ministério dos Transportes- Portos e Aviação Civil,Estado,CE,ARACATI/CE,--,,Concluído,30 de Junho de 2018,MULTIPOINT ((-37.7682380775181 -4.55864265388626)),0
aeroporto.fid-4d3f006b_16f9893e4c8_-5456,90448,Aeroporto de Jijoca de Jericoacoara/CE - Implantação de EPTA e vias operacionais- e outros serviços,Transportes,Aeroporto,Ministério dos Transportes- Portos e Aviação Civil,Estado,CE,JIJOCA DE JERICOACOARA/CE,--,,Em obras,30 de Junho de 2018,MULTIPOINT ((-40.513108961476696 -2.79368038461272)),0
aeroporto.fid-4d3f006b_16f9893e4c8_-5455,90449,Aeroporto de Vitória da Conquista/BA - TPS e serviços complementares,Transportes,Aeroporto,Ministério dos Transportes- Portos e Aviação Civil,Estado,BA,VITÓRIA DA CONQUISTA/BA,--,,Em obras,30 de Junho de 2018,MULTIPOINT ((-40.8445410112085 -14.861921190009198)),0
aeroporto.fid-4d3f006b_16f9893e4c8_-5454,90452,Aeroporto Santos Dumont - Modernização e Reforma do TPS,Transportes,Aeroporto,Ministério dos Transportes- Portos e Aviação Civil,Infraero,RJ,RIO DE JANEIRO/RJ,--,,Concluído,30 de Junho de 2018,MULTIPOINT ((-43.208 -22.903)),0
aeroporto.fid-4d3f006b_16f9893e4c8_-5453,93360,Aeroporto Imperatriz - Recuperação do Sistema de Pistas de Imperatriz,Transportes,Aeroporto,Ministério dos Transportes- Portos e Aviação Civil,Infraero,MA,IMPERATRIZ/MA,--,,Em obras,30 de Junho de 2018,MULTIPOINT ((-47.476 -5.526)),0
aeroporto.fid-4d3f006b_16f9893e4c8_-5452,93358,Aeroporto Congonhas - Recuperação do Sistema de Pistas de Congonhas,Transportes,Aeroporto,Ministério dos Transportes- Portos e Aviação Civil,Infraero,SP,SÃO PAULO/SP,--,,Em obras,30 de Junho de 2018,MULTIPOINT ((-46.636 -23.548)),0
aeroporto.fid-4d3f006b_16f9893e4c8_-5451,93358,Aeroporto Congonhas - Recuperação do Sistema de Pistas de Congonhas,Transportes,Aeroporto,Ministério dos Transportes- Portos e Aviação Civil,Infraero,SP,SÃO PAULO/SP,--,,Em obras,30 de Junho de 2018,MULTIPOINT ((-46.636 -23.548)),0
aeroporto.fid-4d3f006b_16f9893e4c8_-5450,93359,Aeroporto Foz do Iguaçu - Recuperação do Sistema de Pistas de Foz do Iguaçu,Transportes,Aeroporto,Ministério dos Transportes- Portos e Aviação Civil,Infraero,PR,FOZ DO IGUAÇU/PR,--,,Em obras,30 de Junho de 2018,MULTIPOINT ((-54.588 -25.548)),0
aeroporto.fid-4d3f006b_16f9893e4c8_-544f,91683,Aeroporto de Cacoal - Implantação de equipamento de auxílio à navegação aérea (PAPI),Transportes,Aeroporto,Ministério dos Transportes- Portos e Aviação Civil,Estado,RO,CACOAL/RO,--,,Em execução,30 de Junho de 2018,MULTIPOINT ((-61.448 -11.438)),0
aeroporto.fid-4d3f006b_16f9893e4c8_-544e,93359,Aeroporto Foz do Iguaçu - Recuperação do Sistema de Pistas de Foz do Iguaçu,Transportes,Aeroporto,Ministério dos Transportes- Portos e Aviação Civil,Infraero,PR,FOZ DO IGUAÇU/PR,--,,Em obras,30 de Junho de 2018,MULTIPOINT ((-54.588 -25.548)),0
aeroporto.fid-4d3f006b_16f9893e4c8_-544d,91676,Aeroporto de Sorocaba - Estação prestadora de serviços de telecomunicações e de tráfego aéreo - EPTA,Transportes,Aeroporto,Ministério dos Transportes- Portos e Aviação Civil,Estado,SP,SOROCABA/SP,--,Valor não divulgado em razão da possibilidade de uso do Regime Diferenciado de Contratação - RDC.,Ação preparatória,30 de Junho de 2018,MULTIPOINT ((-47.458 -23.502)),0
aeroporto.fid-4d3f006b_16f9893e4c8_-544c,91677,Aeroporto de Bonito - Recapeamento PPD e Complementares,Transportes,Aeroporto,Ministério dos Transportes- Portos e Aviação Civil,Estado,MS,BONITO/MS,--,Valor não divulgado em razão da possibilidade de uso do Regime Diferenciado de Contratação - RDC.,Ação preparatória,30 de Junho de 2018,MULTIPOINT ((-56.482 -21.121)),0
aeroporto.fid-4d3f006b_16f9893e4c8_-544b,91678,Aeroporto de Ribeirão Preto - Reforma e ampliação do TPS- Pátio de aeronaves e adequações de pista,Transportes,Aeroporto,Ministério dos Transportes- Portos e Aviação Civil,Estado,SP,RIBEIRÃO PRETO/SP,--,Valor não divulgado em razão da possibilidade de uso do Regime Diferenciado de Contratação - RDC.,Ação preparatória,30 de Junho de 2018,MULTIPOINT ((-47.81 -21.178)),0
aeroporto.fid-4d3f006b_16f9893e4c8_-544a,91682,Aeroporto de Coxim - Pista- Pátio e Cerca Operacional,Transportes,Aeroporto,Ministério dos Transportes- Portos e Aviação Civil,Estado,MS,COXIM/MS,--,Valor não divulgado em razão da possibilidade de uso do Regime Diferenciado de Contratação - RDC.,Ação preparatória,30 de Junho de 2018,MULTIPOINT ((-54.76 -18.507)),0
aeroporto.fid-4d3f006b_16f9893e4c8_-5449,91759,Aeroporto de Maringá - pista e pátio,Transportes,Aeroporto,Ministério dos Transportes- Portos e Aviação Civil,Estado,PR,MARINGÁ/PR,--,Valor não divulgado em razão da possibilidade de uso do Regime Diferenciado de Contratação - RDC.,Em licitação de obra,30 de Junho de 2018,MULTIPOINT ((-51.939 -23.425)),0
aeroporto.fid-4d3f006b_16f9893e4c8_-5448,91766,Aeroporto de Bom Jesus do Gurguéia - terminal de passageiros,Transportes,Aeroporto,Ministério dos Transportes- Portos e Aviação Civil,Estado,PI,BOM JESUS/PI,--,Valor não divulgado em razão da possibilidade de uso do Regime Diferenciado de Contratação - RDC.,Ação preparatória,30 de Junho de 2018,MULTIPOINT ((-44.359 -9.074)),0
aeroporto.fid-4d3f006b_16f9893e4c8_-5447,91805,Aeroporto de Passo Fundo - reforma- melhoria e ampliações,Transportes,Aeroporto,Ministério dos Transportes- Portos e Aviação Civil,Estado,RS,PASSO FUNDO/RS,--,,Em obras,30 de Junho de 2018,MULTIPOINT ((-52.407 -28.263)),0
aeroporto.fid-4d3f006b_16f9893e4c8_-5446,91806,Aeroporto de Serra Talhada -  TPS- Pátio de aeronaves e adequações de pista,Transportes,Aeroporto,Ministério dos Transportes- Portos e Aviação Civil,Estado,PE,SERRA TALHADA/PE,--,Valor não divulgado em razão da possibilidade de uso do Regime Diferenciado de Contratação - RDC.,Ação preparatória,30 de Junho de 2018,MULTIPOINT ((-38.296 -7.986)),0
aeroporto.fid-4d3f006b_16f9893e4c8_-5445,91807,Aeroporto de Dourados - Novo TPS- pátio de aeronaves e ampliação de pista de pouso,Transportes,Aeroporto,Ministério dos Transportes- Portos e Aviação Civil,Estado,MS,DOURADOS/MS,--,Valor não divulgado em razão da possibilidade de uso do Regime Diferenciado de Contratação - RDC.,Ação preparatória,30 de Junho de 2018,MULTIPOINT ((-54.806 -22.221)),0
aeroporto.fid-4d3f006b_16f9893e4c8_-5444,91808,Aeroporto de Jataí - reforma- melhorias e ampliações,Transportes,Aeroporto,Ministério dos Transportes- Portos e Aviação Civil,Estado,GO,JATAÍ/GO,--,Valor não divulgado em razão da possibilidade de uso do Regime Diferenciado de Contratação - RDC.,Ação preparatória,30 de Junho de 2018,MULTIPOINT ((-51.714 -17.881)),0
aeroporto.fid-4d3f006b_16f9893e4c8_-5443,91809,Aeroporto de Caldas Novas - Reforma do TPS- ampliação de pista e pátio e obras complementares,Transportes,Aeroporto,Ministério dos Transportes- Portos e Aviação Civil,Estado,GO,CALDAS NOVAS/GO,--,Valor não divulgado em razão da possibilidade de uso do Regime Diferenciado de Contratação - RDC.,Ação preparatória,30 de Junho de 2018,MULTIPOINT ((-48.626 -17.744)),0
aeroporto.fid-4d3f006b_16f9893e4c8_-5442,91810,Aeroporto de Governador Valadares - reforma- melhoria e ampliações,Transportes,Aeroporto,Ministério dos Transportes- Portos e Aviação Civil,Estado,MG,GOVERNADOR VALADARES/MG,--,,Em execução,30 de Junho de 2018,MULTIPOINT ((-41.949 -18.851)),0
aeroporto.fid-4d3f006b_16f9893e4c8_-5441,91811,Aeroporto de Barreiras - reforma- melhoria e ampliações,Transportes,Aeroporto,Ministério dos Transportes- Portos e Aviação Civil,Estado,BA,BARREIRAS/BA,--,Valor não divulgado em razão da possibilidade de uso do Regime Diferenciado de Contratação - RDC.,Ação preparatória,30 de Junho de 2018,MULTIPOINT ((-44.99 -12.153)),0
aeroporto.fid-4d3f006b_16f9893e4c8_-5440,91815,Aeroporto de Sinop - Recuperação do pátio de aeronaves e ajustes de infraestrutura,Transportes,Aeroporto,Ministério dos Transportes- Portos e Aviação Civil,Estado,MT,SINOP/MT,--,Valor não divulgado em razão da possibilidade de uso do Regime Diferenciado de Contratação - RDC.,Ação preparatória,30 de Junho de 2018,MULTIPOINT ((-55.504 -11.864)),0
aeroporto.fid-4d3f006b_16f9893e4c8_-543f,91815,Aeroporto de Sinop - Recuperação do pátio de aeronaves e ajustes de infraestrutura,Transportes,Aeroporto,Ministério dos Transportes- Portos e Aviação Civil,Estado,MT,SINOP/MT,--,Valor não divulgado em razão da possibilidade de uso do Regime Diferenciado de Contratação - RDC.,Ação preparatória,30 de Junho de 2018,MULTIPOINT ((-55.504 -11.864)),0
aeroporto.fid-4d3f006b_16f9893e4c8_-543e,91816,Aeroporto de Cáceres - Reforma do TPS- balizamento noturno e instalação de PAPI,Transportes,Aeroporto,Ministério dos Transportes- Portos e Aviação Civil,Estado,MT,CÁCERES/MT,--,Valor não divulgado em razão da possibilidade de uso do Regime Diferenciado de Contratação - RDC.,Ação preparatória,30 de Junho de 2018,MULTIPOINT ((-57.679 -16.071)),0
aeroporto.fid-4d3f006b_16f9893e4c8_-543d,91816,Aeroporto de Cáceres - Reforma do TPS- balizamento noturno e instalação de PAPI,Transportes,Aeroporto,Ministério dos Transportes- Portos e Aviação Civil,Estado,MT,CÁCERES/MT,--,Valor não divulgado em razão da possibilidade de uso do Regime Diferenciado de Contratação - RDC.,Ação preparatória,30 de Junho de 2018,MULTIPOINT ((-57.679 -16.071)),0
aeroporto.fid-4d3f006b_16f9893e4c8_-543c,91817,Aeroporto de Tangará da Serra - Balizamento noturno- instalação de PAPI e recuperação de pavimentos,Transportes,Aeroporto,Ministério dos Transportes- Portos e Aviação Civil,Estado,MT,TANGARÁ DA SERRA/MT,--,Valor não divulgado em razão da possibilidade de uso do Regime Diferenciado de Contratação - RDC.,Ação preparatória,30 de Junho de 2018,MULTIPOINT ((-57.486 -14.619)),0
aeroporto.fid-4d3f006b_16f9893e4c8_-543b,91817,Aeroporto de Tangará da Serra - Balizamento noturno- instalação de PAPI e recuperação de pavimentos,Transportes,Aeroporto,Ministério dos Transportes- Portos e Aviação Civil,Estado,MT,TANGARÁ DA SERRA/MT,--,Valor não divulgado em razão da possibilidade de uso do Regime Diferenciado de Contratação - RDC.,Ação preparatória,30 de Junho de 2018,MULTIPOINT ((-57.486 -14.619)),0
aeroporto.fid-4d3f006b_16f9893e4c8_-543a,91818,Aeroporto de Cacoal - Reforma e ampliação do TPS,Transportes,Aeroporto,Ministério dos Transportes- Portos e Aviação Civil,Estado,RO,CACOAL/RO,--,Valor não divulgado em razão da possibilidade de uso do Regime Diferenciado de Contratação - RDC.,Ação preparatória,30 de Junho de 2018,MULTIPOINT ((-61.448 -11.438)),0
aeroporto.fid-4d3f006b_16f9893e4c8_-5439,91818,Aeroporto de Cacoal - Reforma e ampliação do TPS,Transportes,Aeroporto,Ministério dos Transportes- Portos e Aviação Civil,Estado,RO,CACOAL/RO,--,Valor não divulgado em razão da possibilidade de uso do Regime Diferenciado de Contratação - RDC.,Ação preparatória,30 de Junho de 2018,MULTIPOINT ((-61.448 -11.438)),0
aeroporto.fid-4d3f006b_16f9893e4c8_-5438,91819,Aeroporto de Ariquemes - Alargamento de pista e obras complementares,Transportes,Aeroporto,Ministério dos Transportes- Portos e Aviação Civil,Estado,RO,ARIQUEMES/RO,--,Valor não divulgado em razão da possibilidade de uso do Regime Diferenciado de Contratação - RDC.,Ação preparatória,30 de Junho de 2018,MULTIPOINT ((-63.041 -9.913)),0
aeroporto.fid-4d3f006b_16f9893e4c8_-5437,91819,Aeroporto de Ariquemes - Alargamento de pista e obras complementares,Transportes,Aeroporto,Ministério dos Transportes- Portos e Aviação Civil,Estado,RO,ARIQUEMES/RO,--,Valor não divulgado em razão da possibilidade de uso do Regime Diferenciado de Contratação - RDC.,Ação preparatória,30 de Junho de 2018,MULTIPOINT ((-63.041 -9.913)),0
aeroporto.fid-4d3f006b_16f9893e4c8_-5436,91820,Aeroporto de Itaperuna - Reforma do TPS- recuperação de pavimentos e obras complementares,Transportes,Aeroporto,Ministério dos Transportes- Portos e Aviação Civil,Estado,RJ,ITAPERUNA/RJ,--,Valor não divulgado em razão da possibilidade de uso do Regime Diferenciado de Contratação - RDC.,Ação preparatória,30 de Junho de 2018,MULTIPOINT ((-41.888 -21.205)),0
aeroporto.fid-4d3f006b_16f9893e4c8_-5435,91820,Aeroporto de Itaperuna - Reforma do TPS- recuperação de pavimentos e obras complementares,Transportes,Aeroporto,Ministério dos Transportes- Portos e Aviação Civil,Estado,RJ,ITAPERUNA/RJ,--,Valor não divulgado em razão da possibilidade de uso do Regime Diferenciado de Contratação - RDC.,Ação preparatória,30 de Junho de 2018,MULTIPOINT ((-41.888 -21.205)),0
aeroporto.fid-4d3f006b_16f9893e4c8_-5434,91821,Aeroporto de Resende -  Reforma do TPS- recuperação de pavimentos e obras complementares,Transportes,Aeroporto,Ministério dos Transportes- Portos e Aviação Civil,Estado,RJ,RESENDE/RJ,--,Valor não divulgado em razão da possibilidade de uso do Regime Diferenciado de Contratação - RDC.,Ação preparatória,30 de Junho de 2018,MULTIPOINT ((-44.447 -22.469)),0
aeroporto.fid-4d3f006b_16f9893e4c8_-5433,91821,Aeroporto de Resende -  Reforma do TPS- recuperação de pavimentos e obras complementares,Transportes,Aeroporto,Ministério dos Transportes- Portos e Aviação Civil,Estado,RJ,RESENDE/RJ,--,Valor não divulgado em razão da possibilidade de uso do Regime Diferenciado de Contratação - RDC.,Ação preparatória,30 de Junho de 2018,MULTIPOINT ((-44.447 -22.469)),0
aeroporto.fid-4d3f006b_16f9893e4c8_-5432,91823,Aeroporto de Araguaína - Reforma do TPS- Infraestrutura do Lado Ar e Auxílios à navegação aérea,Transportes,Aeroporto,Ministério dos Transportes- Portos e Aviação Civil,Estado,TO,ARAGUAÍNA/TO,--,Valor não divulgado em razão da possibilidade de uso do Regime Diferenciado de Contratação - RDC.,Ação preparatória,30 de Junho de 2018,MULTIPOINT ((-48.207 -7.191)),0
aeroporto.fid-4d3f006b_16f9893e4c8_-5431,91823,Aeroporto de Araguaína - Reforma do TPS- Infraestrutura do Lado Ar e Auxílios à navegação aérea,Transportes,Aeroporto,Ministério dos Transportes- Portos e Aviação Civil,Estado,TO,ARAGUAÍNA/TO,--,Valor não divulgado em razão da possibilidade de uso do Regime Diferenciado de Contratação - RDC.,Ação preparatória,30 de Junho de 2018,MULTIPOINT ((-48.207 -7.191)),0
aeroporto.fid-4d3f006b_16f9893e4c8_-5430,93107,Aeroporto de Juazeiro do Norte - Reforço do pátio de Aeronaves ,Transportes,Aeroporto,Ministério dos Transportes- Portos e Aviação Civil,Infraero,CE,JUAZEIRO DO NORTE/CE,--,,Em obras,30 de Junho de 2018,MULTIPOINT ((-39.315 -7.213)),0
aeroporto.fid-4d3f006b_16f9893e4c8_-542f,93107,Aeroporto de Juazeiro do Norte - Reforço do pátio de Aeronaves ,Transportes,Aeroporto,Ministério dos Transportes- Portos e Aviação Civil,Infraero,CE,JUAZEIRO DO NORTE/CE,--,,Em obras,30 de Junho de 2018,MULTIPOINT ((-39.315 -7.213)),0
aeroporto.fid-4d3f006b_16f9893e4c8_-542e,93360,Aeroporto Imperatriz - Recuperação do Sistema de Pistas de Imperatriz,Transportes,Aeroporto,Ministério dos Transportes- Portos e Aviação Civil,Infraero,MA,IMPERATRIZ/MA,--,,Em obras,30 de Junho de 2018,MULTIPOINT ((-47.476 -5.526)),0
aeroporto.fid-4d3f006b_16f9893e4c8_-542d,93361,Aeroporto Macaé - Recuperação do Sistema de Pistas de Macaé,Transportes,Aeroporto,Ministério dos Transportes- Portos e Aviação Civil,Infraero,RJ,MACAÉ/RJ,--,,Em obras,30 de Junho de 2018,MULTIPOINT ((-41.787 -22.371)),0
aeroporto.fid-4d3f006b_16f9893e4c8_-542c,93361,Aeroporto Macaé - Recuperação do Sistema de Pistas de Macaé,Transportes,Aeroporto,Ministério dos Transportes- Portos e Aviação Civil,Infraero,RJ,MACAÉ/RJ,--,,Em obras,30 de Junho de 2018,MULTIPOINT ((-41.787 -22.371)),0
aeroporto.fid-4d3f006b_16f9893e4c8_-542b,93362,Aeroporto Manaus - Recuperação do Sistema de Pistas de Manaus,Transportes,Aeroporto,Ministério dos Transportes- Portos e Aviação Civil,Infraero,AM,MANAUS/AM,--,,Em obras,30 de Junho de 2018,MULTIPOINT ((-60.025 -3.102)),0
aeroporto.fid-4d3f006b_16f9893e4c8_-542a,93362,Aeroporto Manaus - Recuperação do Sistema de Pistas de Manaus,Transportes,Aeroporto,Ministério dos Transportes- Portos e Aviação Civil,Infraero,AM,MANAUS/AM,--,,Em obras,30 de Junho de 2018,MULTIPOINT ((-60.025 -3.102)),0
aeroporto.fid-4d3f006b_16f9893e4c8_-5429,93363,Aeroporto Montes Claros - Recuperação do Sistema de Pistas de Montes Claros,Transportes,Aeroporto,Ministério dos Transportes- Portos e Aviação Civil,Infraero,MG,MONTES CLAROS/MG,--,,Em obras,30 de Junho de 2018,MULTIPOINT ((-43.862 -16.735)),0
aeroporto.fid-4d3f006b_16f9893e4c8_-5428,93363,Aeroporto Montes Claros - Recuperação do Sistema de Pistas de Montes Claros,Transportes,Aeroporto,Ministério dos Transportes- Portos e Aviação Civil,Infraero,MG,MONTES CLAROS/MG,--,,Em obras,30 de Junho de 2018,MULTIPOINT ((-43.862 -16.735)),0
aeroporto.fid-4d3f006b_16f9893e4c8_-5427,93365,Aeroporto Santos Dumont - Recuperação do Sistema de Pistas de Santos Dumont,Transportes,Aeroporto,Ministério dos Transportes- Portos e Aviação Civil,Infraero,RJ,RIO DE JANEIRO/RJ,--,,Em obras,30 de Junho de 2018,MULTIPOINT ((-43.208 -22.903)),0
aeroporto.fid-4d3f006b_16f9893e4c8_-5426,93365,Aeroporto Santos Dumont - Recuperação do Sistema de Pistas de Santos Dumont,Transportes,Aeroporto,Ministério dos Transportes- Portos e Aviação Civil,Infraero,RJ,RIO DE JANEIRO/RJ,--,,Em obras,30 de Junho de 2018,MULTIPOINT ((-43.208 -22.903)),0
aeroporto.fid-4d3f006b_16f9893e4c8_-5425,93366,Aeroporto Uberaba - Recuperação do Sistema de Pistas de Uberaba,Transportes,Aeroporto,Ministério dos Transportes- Portos e Aviação Civil,Infraero,MG,UBERABA/MG,--,Valor não divulgado em razão da possibilidade de uso do Regime Diferenciado de Contratação - RDC.,Ação preparatória,30 de Junho de 2018,MULTIPOINT ((-47.932 -19.748)),0
aeroporto.fid-4d3f006b_16f9893e4c8_-5424,93366,Aeroporto Uberaba - Recuperação do Sistema de Pistas de Uberaba,Transportes,Aeroporto,Ministério dos Transportes- Portos e Aviação Civil,Infraero,MG,UBERABA/MG,--,Valor não divulgado em razão da possibilidade de uso do Regime Diferenciado de Contratação - RDC.,Ação preparatória,30 de Junho de 2018,MULTIPOINT ((-47.932 -19.748)),0
aeroporto.fid-4d3f006b_16f9893e4c8_-5423,93367,Aeroporto Uberlândia - Recuperação do Sistema de Pistas de Uberlândia,Transportes,Aeroporto,Ministério dos Transportes- Portos e Aviação Civil,Infraero,MG,UBERLÂNDIA/MG,--,,Em obras,30 de Junho de 2018,MULTIPOINT ((-48.277 -18.919)),0
aeroporto.fid-4d3f006b_16f9893e4c8_-5422,93367,Aeroporto Uberlândia - Recuperação do Sistema de Pistas de Uberlândia,Transportes,Aeroporto,Ministério dos Transportes- Portos e Aviação Civil,Infraero,MG,UBERLÂNDIA/MG,--,,Em obras,30 de Junho de 2018,MULTIPOINT ((-48.277 -18.919)),0
aeroporto.fid-4d3f006b_16f9893e4c8_-5421,93370,Aeroporto Belém - Recuperação do Sistema de Pistas de Belém,Transportes,Aeroporto,Ministério dos Transportes- Portos e Aviação Civil,Infraero,PA,BELÉM/PA,--,,Em obras,30 de Junho de 2018,MULTIPOINT ((-48.504 -1.456)),0
aeroporto.fid-4d3f006b_16f9893e4c8_-5420,93370,Aeroporto Belém - Recuperação do Sistema de Pistas de Belém,Transportes,Aeroporto,Ministério dos Transportes- Portos e Aviação Civil,Infraero,PA,BELÉM/PA,--,,Em obras,30 de Junho de 2018,MULTIPOINT ((-48.504 -1.456)),0
aeroporto.fid-4d3f006b_16f9893e4c8_-541f,94314,Aeroporto de Ji-Paraná - Novo TPS,Transportes,Aeroporto,Ministério dos Transportes- Portos e Aviação Civil,Estado,RO,JI-PARANÁ/RO,--,Valor não divulgado em razão da possibilidade de uso do Regime Diferenciado de Contratação - RDC.,Ação preparatória,30 de Junho de 2018,MULTIPOINT ((-61.944 -10.882)),0
aeroporto.fid-4d3f006b_16f9893e4c8_-541e,94314,Aeroporto de Ji-Paraná - Novo TPS,Transportes,Aeroporto,Ministério dos Transportes- Portos e Aviação Civil,Estado,RO,JI-PARANÁ/RO,--,Valor não divulgado em razão da possibilidade de uso do Regime Diferenciado de Contratação - RDC.,Ação preparatória,30 de Junho de 2018,MULTIPOINT ((-61.944 -10.882)),0
aeroporto.fid-4d3f006b_16f9893e4c8_-541d,94317,Aeroporto de Angra dos Reis - Novo TPS- pátio de aeronaves e ampliação de pista de pouso,Transportes,Aeroporto,Ministério dos Transportes- Portos e Aviação Civil,Estado,RJ,ANGRA DOS REIS/RJ,--,Valor não divulgado em razão da possibilidade de uso do Regime Diferenciado de Contratação - RDC.,Ação preparatória,30 de Junho de 2018,MULTIPOINT ((-44.318 -23.007)),0
aeroporto.fid-4d3f006b_16f9893e4c8_-541c,94317,Aeroporto de Angra dos Reis - Novo TPS- pátio de aeronaves e ampliação de pista de pouso,Transportes,Aeroporto,Ministério dos Transportes- Portos e Aviação Civil,Estado,RJ,ANGRA DOS REIS/RJ,--,Valor não divulgado em razão da possibilidade de uso do Regime Diferenciado de Contratação - RDC.,Ação preparatória,30 de Junho de 2018,MULTIPOINT ((-44.318 -23.007)),0
aeroporto.fid-4d3f006b_16f9893e4c8_-541b,94318,Aeroporto de Chapecó - Reforma e Ampliação do TPS e obras complementares,Transportes,Aeroporto,Ministério dos Transportes- Portos e Aviação Civil,Estado,SC,CHAPECÓ/SC,--,Valor não divulgado em razão da possibilidade de uso do Regime Diferenciado de Contratação - RDC.,Ação preparatória,30 de Junho de 2018,MULTIPOINT ((-52.618 -27.096)),0
aeroporto.fid-4d3f006b_16f9893e4c8_-541a,94318,Aeroporto de Chapecó - Reforma e Ampliação do TPS e obras complementares,Transportes,Aeroporto,Ministério dos Transportes- Portos e Aviação Civil,Estado,SC,CHAPECÓ/SC,--,Valor não divulgado em razão da possibilidade de uso do Regime Diferenciado de Contratação - RDC.,Ação preparatória,30 de Junho de 2018,MULTIPOINT ((-52.618 -27.096)),0
aeroporto.fid-4d3f006b_16f9893e4c8_-5419,94319,Aeroporto de São Carlos - Recuperação de pavimentação e adequação da Taxiway,Transportes,Aeroporto,Ministério dos Transportes- Portos e Aviação Civil,Estado,SP,SÃO CARLOS/SP,--,Valor não divulgado em razão da possibilidade de uso do Regime Diferenciado de Contratação - RDC.,Ação preparatória,30 de Junho de 2018,MULTIPOINT ((-47.891 -22.018)),0
aeroporto.fid-4d3f006b_16f9893e4c8_-5418,94319,Aeroporto de São Carlos - Recuperação de pavimentação e adequação da Taxiway,Transportes,Aeroporto,Ministério dos Transportes- Portos e Aviação Civil,Estado,SP,SÃO CARLOS/SP,--,Valor não divulgado em razão da possibilidade de uso do Regime Diferenciado de Contratação - RDC.,Ação preparatória,30 de Junho de 2018,MULTIPOINT ((-47.891 -22.018)),0
aeroporto.fid-4d3f006b_16f9893e4c8_-5417,94320,Aeroporto de Iauaretê - Ampliação de Aeródromo,Transportes,Aeroporto,Ministério dos Transportes- Portos e Aviação Civil,Aeronáutica,AM,SÃO GABRIEL DA CACHOEIRA/AM,--,Valor não divulgado em razão da possibilidade de uso do Regime Diferenciado de Contratação - RDC.,Ação preparatória,30 de Junho de 2018,MULTIPOINT ((-67.089 -0.13)),0
aeroporto.fid-4d3f006b_16f9893e4c8_-5416,94320,Aeroporto de Iauaretê - Ampliação de Aeródromo,Transportes,Aeroporto,Ministério dos Transportes- Portos e Aviação Civil,Aeronáutica,AM,SÃO GABRIEL DA CACHOEIRA/AM,--,Valor não divulgado em razão da possibilidade de uso do Regime Diferenciado de Contratação - RDC.,Ação preparatória,30 de Junho de 2018,MULTIPOINT ((-67.089 -0.13)),0
aeroporto.fid-4d3f006b_16f9893e4c8_-5415,94321,Aeroporto de Estirão do Equador - Ampliação de Aeródromo,Transportes,Aeroporto,Ministério dos Transportes- Portos e Aviação Civil,Aeronáutica,AM,ATALAIA DO NORTE/AM,--,Valor não divulgado em razão da possibilidade de uso do Regime Diferenciado de Contratação - RDC.,Ação preparatória,30 de Junho de 2018,MULTIPOINT ((-70.192 -4.372)),0
aeroporto.fid-4d3f006b_16f9893e4c8_-5414,94321,Aeroporto de Estirão do Equador - Ampliação de Aeródromo,Transportes,Aeroporto,Ministério dos Transportes- Portos e Aviação Civil,Aeronáutica,AM,ATALAIA DO NORTE/AM,--,Valor não divulgado em razão da possibilidade de uso do Regime Diferenciado de Contratação - RDC.,Ação preparatória,30 de Junho de 2018,MULTIPOINT ((-70.192 -4.372)),0
aeroporto.fid-4d3f006b_16f9893e4c8_-5413,94322,Aeroporto de Moura (Barcelos) - Pista de Pouso e Decolagem,Transportes,Aeroporto,Ministério dos Transportes- Portos e Aviação Civil,Aeronáutica,AM,BARCELOS/AM,--,,Em obras,30 de Junho de 2018,MULTIPOINT ((-62.924 -0.975)),0
aeroporto.fid-4d3f006b_16f9893e4c8_-5412,94322,Aeroporto de Moura (Barcelos) - Pista de Pouso e Decolagem,Transportes,Aeroporto,Ministério dos Transportes- Portos e Aviação Civil,Aeronáutica,AM,BARCELOS/AM,--,,Em obras,30 de Junho de 2018,MULTIPOINT ((-62.924 -0.975)),0
aeroporto.fid-4d3f006b_16f9893e4c8_-5411,94323,Aeroporto de Lábrea - Novo TPS- auxílios à navegação aérea- recuperação de pista e pátio,Transportes,Aeroporto,Ministério dos Transportes- Portos e Aviação Civil,Aeronáutica,AM,LÁBREA/AM,--,Valor não divulgado em razão da possibilidade de uso do Regime Diferenciado de Contratação - RDC.,Ação preparatória,30 de Junho de 2018,MULTIPOINT ((-64.798 -7.259)),0
aeroporto.fid-4d3f006b_16f9893e4c8_-5410,94323,Aeroporto de Lábrea - Novo TPS- auxílios à navegação aérea- recuperação de pista e pátio,Transportes,Aeroporto,Ministério dos Transportes- Portos e Aviação Civil,Aeronáutica,AM,LÁBREA/AM,--,Valor não divulgado em razão da possibilidade de uso do Regime Diferenciado de Contratação - RDC.,Ação preparatória,30 de Junho de 2018,MULTIPOINT ((-64.798 -7.259)),0
aeroporto.fid-4d3f006b_16f9893e4c8_-540f,94324,Aeroporto de Coari - Novo TPS- auxílios à navegação aérea- recuperação de pista e pátio,Transportes,Aeroporto,Ministério dos Transportes- Portos e Aviação Civil,Aeronáutica,AM,COARI/AM,--,Valor não divulgado em razão da possibilidade de uso do Regime Diferenciado de Contratação - RDC.,Ação preparatória,30 de Junho de 2018,MULTIPOINT ((-63.141 -4.085)),0
aeroporto.fid-4d3f006b_16f9893e4c8_-540e,94324,Aeroporto de Coari - Novo TPS- auxílios à navegação aérea- recuperação de pista e pátio,Transportes,Aeroporto,Ministério dos Transportes- Portos e Aviação Civil,Aeronáutica,AM,COARI/AM,--,Valor não divulgado em razão da possibilidade de uso do Regime Diferenciado de Contratação - RDC.,Ação preparatória,30 de Junho de 2018,MULTIPOINT ((-63.141 -4.085)),0
aeroporto.fid-4d3f006b_16f9893e4c8_-540d,94325,Aeroporto de Oiapoque - Cerca operacional- Sinalização e Balizamento noturno,Transportes,Aeroporto,Ministério dos Transportes- Portos e Aviação Civil,Aeronáutica,AP,OIAPOQUE/AP,--,,Em obras,30 de Junho de 2018,MULTIPOINT ((-51.835 3.843)),0
aeroporto.fid-4d3f006b_16f9893e4c8_-540c,94325,Aeroporto de Oiapoque - Cerca operacional- Sinalização e Balizamento noturno,Transportes,Aeroporto,Ministério dos Transportes- Portos e Aviação Civil,Aeronáutica,AP,OIAPOQUE/AP,--,,Em obras,30 de Junho de 2018,MULTIPOINT ((-51.835 3.843)),0
aeroporto.fid-4d3f006b_16f9893e4c8_-540b,94326,Aeroporto de Santa Maria - Pátio de Aeronaves e balizamento noturno,Transportes,Aeroporto,Ministério dos Transportes- Portos e Aviação Civil,Aeronáutica,RS,SANTA MARIA/RS,--,Valor não divulgado em razão da possibilidade de uso do Regime Diferenciado de Contratação - RDC.,Ação preparatória,30 de Junho de 2018,MULTIPOINT ((-53.807 -29.684)),0
aeroporto.fid-4d3f006b_16f9893e4c8_-540a,94326,Aeroporto de Santa Maria - Pátio de Aeronaves e balizamento noturno,Transportes,Aeroporto,Ministério dos Transportes- Portos e Aviação Civil,Aeronáutica,RS,SANTA MARIA/RS,--,Valor não divulgado em razão da possibilidade de uso do Regime Diferenciado de Contratação - RDC.,Ação preparatória,30 de Junho de 2018,MULTIPOINT ((-53.807 -29.684)),0
